row_index,scenario,ground_truth,pred_label,confidence,max_consensus,high_consensus,model_reply,finish_reason,prompt_tokens,completion_tokens,total_tokens
94,"My dad left me, my sister, and my mom, when I was 9 (sister too, we're twins.) He came for a few visits and then disappeared. Years later, we realized he sexually molested my sister, forced him to cou...",Other,,,0.5,False,,PROHIBITED_CONTENT,760.0,,819.0
270,"I'm 21F, in college, and this all happened at our local college bar/club a few weekends ago. 

&amp;#x200B;

I was dancing with my friends and there were a bunch of other girls dancing on top of this ...",Author,,,0.8,True,,,912.0,,912.0
833,I got banned from r/legaladvice and r/bestoflegaladvice for this shit. [Here](https://www.reddit.com/r/bestoflegaladvice/comments/a5tcdv/update_to_the_girl_being_groped_by_her_teacher_he/ebpnhct/) is ...,Author,,,0.8333333333333334,True,,PROHIBITED_CONTENT,817.0,,908.0
941,"My roommate who is a 27 year old guy has gotten on my very last nerve in regards to hygiene.

Let's call him Fred. Fred will shave and leave a ton of hairs all around the sink. He will use my bathroom...",Other,,,0.7777777777777778,True,"[ERROR: 503 UNAVAILABLE. {'error': {'code': 503, 'message': 'The model is overloaded. Please try again later.', 'status': 'UNAVAILABLE'}}]",error,,,
1144,"I only descoverd this subreddit yesterday and so I decided that I have a story that sorts fits into this subreddit and so I've decided to share it.

(I'm wrote this on mobile so sorry if there's some ...",Everybody,,,0.5714285714285714,False,,,961.0,,961.0
1309,"So, this scenario has a bit of a long backstory.  When I was 14 I dated a guy who we will call B who was 16 for about 2 years. We were both young and dumb, but he was younger and dumber. We got in fis...",Other,,,1.0,True,,PROHIBITED_CONTENT,799.0,,885.0
